{
  "basicStats": {
    "Hp": 650,
    "hpLvl": 114,
    "AD": 60,
    "ADLvl": 5,
    "AS": 0.6510000228881836,
    "ASRatio": 0.6510000228881836,
    "Armor": 38,
    "ArmorLvl": 4.449999809265137,
    "MR": 32,
    "MRLvl": 2.049999952316284,
    "MS": 345,
    "Lifesteal": 0,
    "Crit": 0,
    "CritDmg": 175,
    "HpRegen": 0.6000000238418579,
    "HpRegenLvl": 0.20000000298023224,
    "Mana": 0,
    "ManaLvl": 0,
    "AP": 0,
    "Range": 175,
    "ArmorPen": 0,
    "ResistPen": 0,
    "Haste": 0,
    "SpellVamp": 0,
    "ManaRegen": 0,
    "ManaRegenLvl": 0
  },
  "img": {
    "centered": "Aatrox_0",
    "passive": "Aatrox_Passive",
    "QSpell": "AatroxQ",
    "WSpell": "AatroxW",
    "ESpell": "AatroxE",
    "RSpell": "AatroxR"
  },
  "spell": {
    "Passive": {
      "img": "Aatrox_Passive",
      "cd": [
        24,23.29,22.59,21.88,21.18,20.47,19.76,19.06,18.35,17.65,16.94,16.24,15.53,14.82,14.12,13.41,12.71,12
      ],
      "damage": 0,
      "ratioAd": 0,
      "ratioAp": 0
    },
    "Q": {
      "img": "AatroxQ",
      "cd": [14,12,10,8,6],
      "basicStats": [
        {
          "damage": [10,30,50,70,90],
          "ratioAd": [60,65,70,75,80],
          "ratioAp": [0,0,0,0,0]
        },
        {
          "damage": [12.5,37.5,62.5,87.5,112.5],
          "ratioAd": [75,84.25,87.5,93.75,100],
          "ratioAp": [0,0,0,0,0]
        },
        {
          "damage": [15,45,75,105,135],
          "ratioAd": [90,97.5,105,112.5,120],
          "ratioAp": [0,0,0,0,0]
        }
      ],
      "bonus": {
        "damage" : 60
      }
    },
    "W": {
      "img": "AatroxW",
      "cd": [20,18,16,14,12],
      "basicStats": [
        {
          "damage": [60,80,100,120,140],
          "ratioAd": [80,80,80,80,80],
          "ratioAp": [0,0,0,0,0]
        }
      ],
      "bonus": {}
    },
    "E": {
      "img": "AatroxE",
      "cd": [9,8,7,6,5],
      "basicStats": [
        {
          "damage": [0,0,0,0,0],
          "healing": [18,19.5,21,22.5,24],
          "ratioAd": [0,0,0,0,0],
          "ratioAp": [0,0,0,0,0]
        }
      ],
      "bonus": {}
    },
    "R": {
      "img": "AatroxR",
      "cd": [120,100,80],
      "basicStats": [
        {
          "damage": [0,0,0,0,0],
          "ratioAd": [0,0,0,0,0],
          "ratioAp": [0,0,0,0,0]
        }
      ],
      "bonus": {
        "damage" : [20,32.5,45],
        "MS" : [60,80,100],
        "healing" : [25,35,45]
      }
    }
  }
}