{
  "basicStats": {
    "Hp": 655.0,
    "hpLvl": 87.0,
    "AD": 68.0,
    "ADLvl": 4.0,
    "AS": 0.6790000200271606,
    "ASRatio": 0.6790000200271606,
    "Armor": 32.0,
    "ArmorLvl": 4.199999809265137,
    "MR": 32.0,
    "MRLvl": 2.049999952316284,
    "MS": 345.0,
    "Lifesteal": 0,
    "Crit": 0,
    "CritDmg": 175,
    "HpRegen": 1.5,
    "HpRegenLvl": 0.1599999964237213,
    "Mana": 400.0,
    "ManaLvl": 52.0,
    "AP": 0,
    "Range": 175.0,
    "ArmorPen": 0,
    "ResistPen": 0,
    "Haste": 0,
    "SpellVamp": 0,
    "ManaRegen": 1.600000023841858,
    "ManaRegenLvl": 0.11999999731779099
  },
  "img": {
    "centered": "Sion_0",
    "passive": "Sion_Passive1",
    "QSpell": "SionQ",
    "WSpell": "SionW",
    "ESpell": "SionE",
    "RSpell": "SionR"
  },
  "spell": {
    "Passive": {
      "cd": [
        0
      ],
      "damage": 0,
      "ratioAd": 0,
      "ratioAp": 0
    },
    "Q": {
      "cd": [
        0,
        9,
        8,
        7,
        6
      ],
      "basicStats": [
        {
          "damage": {
            "Maximum Base Damage Increase:": [
              25,
              158.33,
              175,
              185,
              191.67
            ],
            "Minimum Physical Damage:": [
              0,
              60,
              80,
              100,
              120
            ],
            "Maximum Physical Damage:": [
              0,
              155,
              220,
              285,
              350
            ],
            "Minimum Monster Damage:": [
              0,
              90,
              120,
              150,
              180
            ],
            "Maximum Monster Damage:": [
              35,
              232.5,
              330,
              427.5,
              525
            ],
            "Minimum Minion Damage:": [
              4,
              36,
              48,
              60,
              72
            ],
            "Maximum Minion Damage:": [
              4,
              93,
              132,
              171,
              210
            ]
          },
          "ratioAd": {
            "Maximum Base Damage Increase:": 0,
            "Minimum Physical Damage:": [
              45,
              52.5,
              60,
              67.5,
              75
            ],
            "Maximum Physical Damage:": [
              135,
              157.5,
              180,
              202.5,
              225
            ],
            "Minimum Monster Damage:": [
              67.5,
              78.75,
              90,
              101.25,
              112.5
            ],
            "Maximum Monster Damage:": [
              202.5,
              236.25,
              270,
              303.75,
              337.5
            ],
            "Minimum Minion Damage:": [
              27,
              31.5,
              36,
              40.5,
              45
            ],
            "Maximum Minion Damage:": [
              81,
              94.5,
              108,
              121.5,
              135
            ]
          },
          "ratioAp": {
            "Maximum Base Damage Increase:": 0,
            "Minimum Physical Damage:": 0,
            "Maximum Physical Damage:": 0,
            "Minimum Monster Damage:": 0,
            "Maximum Monster Damage:": 0,
            "Minimum Minion Damage:": 0,
            "Maximum Minion Damage:": 0
          }
        }
      ],
      "bonus": {}
    },
    "W": {
      "cd": [
        5,
        14,
        13,
        12,
        11
      ],
      "basicStats": [
        {
          "damage": {
            "Shield Strength:": [
              0,
              85,
              110,
              135,
              160
            ],
            "Magic Damage:": [
              0,
              65,
              90,
              115,
              140
            ]
          },
          "ratioAd": {
            "Shield Strength:": 0,
            "Magic Damage:": 0
          },
          "ratioAp": {
            "Shield Strength:": [
              40,
              9,
              10,
              11,
              12
            ],
            "Magic Damage:": [
              40,
              11,
              12,
              13,
              14
            ]
          }
        }
      ],
      "bonus": {}
    },
    "E": {
      "cd": [
        2,
        11,
        10,
        9,
        8
      ],
      "basicStats": [
        {
          "damage": {
            "Magic Damage:": [
              5,
              100,
              135,
              170,
              205
            ],
            "Slow:": [
              0,
              45,
              50,
              55,
              60
            ]
          },
          "ratioAd": {
            "Magic Damage:": 0,
            "Slow:": 0
          },
          "ratioAp": {
            "Magic Damage:": [
              55
            ],
            "Slow:": 0
          }
        }
      ],
      "bonus": {}
    },
    "R": {
      "cd": [
        40,
        100,
        60
      ],
      "basicStats": [
        {
          "damage": {
            "Minimum Physical Damage:": [
              50,
              300,
              450
            ],
            "Maximum Physical Damage:": [
              0,
              800,
              1200
            ],
            "Slow:": [
              0,
              45,
              50
            ]
          },
          "ratioAd": {
            "Minimum Physical Damage:": [
              40
            ],
            "Maximum Physical Damage:": [
              80
            ],
            "Slow:": 0
          },
          "ratioAp": {
            "Minimum Physical Damage:": 0,
            "Maximum Physical Damage:": 0,
            "Slow:": 0
          }
        }
      ],
      "bonus": {}
    }
  }
}