{
  "basicStats": {
    "Hp": 600.0,
    "hpLvl": 105.0,
    "AD": 62.0,
    "ADLvl": 3.4000000953674316,
    "AS": 0.6579999923706055,
    "ASRatio": 0.6579999923706055,
    "Armor": 27.0,
    "ArmorLvl": 4.599999904632568,
    "MR": 30.0,
    "MRLvl": 1.2999999523162842,
    "MS": 330.0,
    "Lifesteal": 0,
    "Crit": 0,
    "CritDmg": 175,
    "HpRegen": 0.699999988079071,
    "HpRegenLvl": 0.10999999940395355,
    "Mana": 360.0,
    "ManaLvl": 40.0,
    "AP": 0,
    "Range": 575.0,
    "ArmorPen": 0,
    "ResistPen": 0,
    "Haste": 0,
    "SpellVamp": 0,
    "ManaRegen": 1.600000023841858,
    "ManaRegenLvl": 0.1599999964237213
  },
  "img": {
    "centered": "Varus_0",
    "passive": "VarusPassive",
    "QSpell": "VarusQ",
    "WSpell": "VarusW",
    "ESpell": "VarusE",
    "RSpell": "VarusR"
  },
  "spell": {
    "Passive": {
      "cd": "A DEFINIR",
      "damage": 0,
      "ratioAd": 0,
      "ratioAp": 0
    },
    "Q": {
      "cd": [
        6,
        15,
        14,
        13,
        12
      ],
      "basicStats": [
        {
          "damage": {
            "Minimum Physical Damage:": [
              0,
              46.67,
              83.33,
              120,
              156.67
            ],
            "Maximum Physical Damage:": [
              5,
              70,
              125,
              180,
              235
            ],
            "Minimum Reduced Damage:": [
              0.3,
              15.4,
              27.5,
              39.6,
              51.7
            ],
            "Maximum Reduced Damage:": [
              0.95,
              23.1,
              41.25,
              59.4,
              77.55
            ]
          },
          "ratioAd": {
            "Minimum Physical Damage:": [
              83.33,
              86.67,
              90,
              93.33,
              96.67
            ],
            "Maximum Physical Damage:": [
              125,
              130,
              135,
              140,
              145
            ],
            "Minimum Reduced Damage:": [
              27.5,
              28.6,
              29.7,
              30.8,
              31.9
            ],
            "Maximum Reduced Damage:": [
              41.25,
              42.9,
              44.55,
              46.2,
              47.85
            ]
          },
          "ratioAp": {
            "Minimum Physical Damage:": 0,
            "Maximum Physical Damage:": 0,
            "Minimum Reduced Damage:": 0,
            "Maximum Reduced Damage:": 0
          }
        }
      ],
      "bonus": {}
    },
    "W": {
      "cd": [
        0
      ],
      "basicStats": [
        {
          "damage": {
            "Bonus Magic Damage:": [
              " ",
              12,
              17,
              22,
              27
            ],
            "Bonus Magic Damage per Stack:": [
              " ",
              3.5,
              4,
              4.5,
              5
            ],
            "Maximum Bonus Magic Damage:": [
              3.5,
              15.75,
              18,
              20.25,
              22.5
            ]
          },
          "ratioAd": {
            "Bonus Magic Damage:": 0,
            "Bonus Magic Damage per Stack:": 0,
            "Maximum Bonus Magic Damage:": 0
          },
          "ratioAp": {
            "Bonus Magic Damage:": [
              30
            ],
            "Bonus Magic Damage per Stack:": [
              2.5
            ],
            "Maximum Bonus Magic Damage:": [
              11.25
            ]
          }
        }
      ],
      "bonus": {}
    },
    "E": {
      "cd": [
        8,
        16,
        14,
        12,
        10
      ],
      "basicStats": [
        {
          "damage": {
            "Physical Damage:": [
              0,
              100,
              140,
              180,
              220
            ],
            "Slow:": [
              5,
              30,
              35,
              40,
              45
            ]
          },
          "ratioAd": {
            "Physical Damage:": [
              90
            ],
            "Slow:": 0
          },
          "ratioAp": {
            "Physical Damage:": 0,
            "Slow:": 0
          }
        }
      ],
      "bonus": {}
    },
    "R": {
      "cd": [
        0,
        80,
        60
      ],
      "basicStats": [
        {
          "damage": {
            "Magic Damage:": [
              50,
              250,
              350
            ]
          },
          "ratioAd": {
            "Magic Damage:": 0
          },
          "ratioAp": {
            "Magic Damage:": [
              100
            ]
          }
        }
      ],
      "bonus": {}
    }
  }
}